Subject,Business Name,Website,Email,Phone,Address,Error
758 Uber Excursions Saint Lucia,758 Uber Excursions Saint Lucia,https://758uberexcursions.com/,info@758uberexcursions.com,+1 758 729 9527,"Marie Therese Street, Gros Islet Town, Saint Lucia",
Amazona Tours Saint Lucia,Amazona Tours Saint Lucia,Not found,casimjames@gmail.com,+1 758-284-8086,"Bois d'Orange, Gros Islet, Saint Lucia",
Angels Tours Saint Lucia,Angels Tours Saint Lucia,https://www.oceanangelboattours.com/,OceanAngelBoatTours19@Gmail.com,+1 758 726 9364,"Soufriere, Saint Lucia",
Aquarius Waterworld Ltd Saint Lucia,Aquarius Waterworld Ltd Saint Lucia,http://www.plusventureslu.com/,aquariuswatersportslu@gmail.com,+1 758-284-5565,"Marigot Bay, Castries, St. Lucia",
A-Touring Services Ltd Saint Lucia,A-Touring Services Ltd Saint Lucia,https://www.ataxiservicestlucia.com/,info@ataxiservicestlucia.com,+1 758 484-3689,"P.O.Box 2071, Gros-Islet, St.Lucia, West Indies",
Barefoot Holidays Saint Lucia,Barefoot Holidays Saint Lucia,https://barefootholidays.com,info@barefootholidays.com,+1 758 450 0507,"Glasgow Hill, PO Box BW379, Rodney Bay, St. Lucia, W.I.",
Bateau Mygo Saint Lucia,Bateau Mygo Saint Lucia,https://bateaumygo.com/,info@bateaumygo.com,+1 758 721 7007,"Marigot Bay, St. Lucia",
Benny Boat Tours Saint Lucia,Benny Boat Tours Saint Lucia,https://bennyboattours.com,Bennyboattours@gmail.com,+1 758-726-3067,"Gros Islet, St. Lucia",
Captain Cliff Adventure Tours Saint Lucia,Captain Cliff Adventure Tours Saint Lucia,https://www.captainclifftours.com/,Captainclifftours@gmail.com,+1 758 285 2859,"Rodney Bay Marina, LC",
Captain Mike's Sports Fishing Saint Lucia,Captain Mike's Sports Fishing Saint Lucia,https://captmikesslu.com/,captainmikescharters@gmail.com,+1 758 452 7044,"Vigie Marina, Castries, Saint Lucia",
Carnival Sailing Saint Lucia,Carnival Sailing Saint Lucia,https://carnivalsailing.com/,bookings@carnivalsailing.com,+1 758 452 5586,"Virgie Cove, Castries, Saint Lucia",
Christopher Taxi & Jeep Rental Services Saint Lucia,Christopher Taxi & Jeep Rental Services Saint Lucia,https://christophertaxistlucia.com/,christophertaxiservicesinc@gmail.com,+1 758 484 1927,"Fond Benier, LC, St Lucia",
City Walkers Saint Lucia,City Walkers Saint Lucia,https://citywalkers.business.site,citywalkertours@gmail.com,+1 758 461 0275,"Jeremie Street, Castries",
C & M Touring Saint Lucia,C & M Touring Saint Lucia,https://www.cmtouringslu.com/,cmtouring@hotmail.com,+1 758-720-3770,"Bois D'Orange, Castries, St. Lucia",
Coastal Adventures Saint Lucia,Coastal Adventures Saint Lucia,Not found,Not found,Not found,Not found,
CoCo Events Saint Lucia,CoCo Events Saint Lucia,Not found,Not found,+1 758 732 2727,Not found,
Cosol Tours Saint Lucia,Cosol Tours Saint Lucia,https://www.cosol-tours.com/,cosol966@hotmail.com,+1 758 724 6697,"Babonneau Post Office Box 2, Castries, St. Lucia",
Cox & Company Ltd Saint Lucia,Cox & Company Ltd Saint Lucia,https://coxcoltd.com/,info@coxcoltd.com,+1 758 456 5000,"PO Box 88, Castries, St. Lucia, W.I.",
Davids Tours & Travel Limited Saint Lucia,Davids Tours & Travel Limited Saint Lucia,Not found,Not found,Not found,Not found,
Department of Forestry Nature Trails Saint Lucia,Department of Forestry Nature Trails Saint Lucia,https://www.govt.lc/ministries/agriculture-food-production-fisheries-and-rural-development/forestry,forestrydepartment@govt.lc,+1 758 468 5635,"Gabriel Charles Forestry Complex, Union Castries Saint Lucia",
Elite Nautical and Land Tours Inc. Saint Lucia,Elite Nautical and Land Tours Inc. Saint Lucia,https://nautilandtours.com/,nautilandtours@gmail.com,+1 758 461 0964,"Vieux Fort, Saint Lucia",
ERA Secrets of the South Saint Lucia,ERA Secrets of the South Saint Lucia,https://eraadventures.com/,erasots758@gmail.com,+1 (758) 726-4367,Saint Lucia,
Evergreen Touring Saint Lucia,Evergreen Touring Saint Lucia,https://evergreentoursstlucia.com/,Info@evergreentoursstlucia.com,+1 758 451 5265,"CP5652, Castries, St. Lucia",
Exodus Boat Charters Saint Lucia,Exodus Boat Charters Saint Lucia,https://exodusstlucia.com/,info@exodusstlucia.com,+1 758 714 7940,"P.O. Box 1538 Rodney Bay Marina, St. Lucia, West Indies",
Exquisite Taxi & Tours Saint Lucia,Exquisite Taxi & Tours Saint Lucia,https://exquisitetaxiandtours.com/,contact@exquisitetaxiandtours.com,+1 758-712-2593,"New Development, Soufrière, St. Lucia, 09101",
Father Nature Adventures 758 Saint Lucia,Father Nature Adventures 758 Saint Lucia,https://fathernatureadventures.com/,fathernatureadventures@gmail.com,+1 758 729 5613,"Babonneau, Saint Lucia Castries",
Feel Good Tours Saint Lucia,Feel Good Tours Saint Lucia,https://feelgoodwatertaxiandtours.com,feelgood.tours@gmail.com,+1 758 721 2174,"Soufriere, Saint Lucia",
First 4 Sail Saint Lucia,First 4 Sail Saint Lucia,https://www.first4sail.com/,info@first4sail.com,+1 758 518 1187,"First 4 Sail Place Creole, PO Box 2614, Rodney Bay, Gros Islet, Saint Lucia",
First Class Touring Saint Lucia,First Class Touring Saint Lucia,Not found,firstclass.stlucia@gmail.com,+1 758 489 8889,"Bois D'orange, Gros Islet, St. Lucia",
Fond Gen Libre Tour Services Saint Lucia,Fond Gen Libre Tour Services Saint Lucia,Not found,Not found,Not found,"Fond Gens Libre, Soufriere, Saint Lucia",
Foster & Ince Cruise Services (St. Lucia) Ltd,Foster & Ince Cruise Services (St. Lucia) Ltd,Not found,mcharlemagne@foster-ince.com,+1 758 452 6441,"Unit 12 Colony House, John Compton Hwy, Castries, St. Lucia",
Fram Tours & Taxi Services Saint Lucia,Fram Tours & Taxi Services Saint Lucia,https://www.framtoursstlucia.com/,framtours1@gmail.com,+1 758 723 9095,"Bonne Terre, Gros Islet, Saint Lucia",
Fun To See Island Saint Lucia,Fun To See Island Saint Lucia,https://funtoseeisland.com/,office@funtoseeisland.com,+1 758 729 9589,"Rodney Bay Marina, Rodney Bay, St. Lucia",
Fun Time Tours Saint Lucia,Fun Time Tours Saint Lucia,https://www.funtimestlucia.com/,funtimestlucia@gmail.com,+1 758 518 4279,"post office, La toc beach, Bexon, St. Lucia",
Fun Tours Inc Saint Lucia,Fun Tours Inc Saint Lucia,https://adventuretoursstlucia.com/,palmservices.reservations@gmail.com,+1 758 727 9834,"Adventure Tours St Lucia, Gros Islet, St Lucia",
Gem Xcursions Saint Lucia,Gem Xcursions Saint Lucia,https://gemsislandtours758.com/,gemsislandtours758@gmail.com,+1 758 519 3202,Not found,
Gideon Water Tours Saint Lucia,Gideon Water Tours Saint Lucia,Not found,gideonwatertours@hotmail.com,+1 758 716 4778,"Castries, Castries Quarter, St. Lucia (Tour Commences at the Castries Harbour)",
Grasshopper Tours Saint Lucia,Grasshopper Tours Saint Lucia,https://www.lyndonsauthentictourstaxi.com/,lyndontaxiandtours@gmail.com,+1 758-730-7776,"Soufriere, St. Lucia",
H & A Tours Ltd Saint Lucia,H & A Tours Ltd Saint Lucia,https://www.handatours.co/,info.handatours@gmail.com,+1 758 726 8687,"Unit 5, Volney Building, Rodney Bay PO Box 2740, Rodney Bay Post Office Gros Islet, LC 01 401 Saint Lucia, W.I.",
Hackshaw Boat Charters Saint Lucia,Hackshaw Boat Charters Saint Lucia,https://hackshaws.com/,sales@hackshaws.com,+1 758 721 8000,"Vigie Marina, Castries, Saint Lucia",
Hibiscus Tours St Lucia,Hibiscus Tours St Lucia,Not found,hibiscustours.stlucia@gmail.com,+1 758 726-3001,"3rd Floor Sir Stanislaus James Bldg. Waterfront, Castries, Saint Lucia",
Imagine Tours Saint Lucia,Imagine Tours Saint Lucia,Not found,Not found,Not found,Not found,
Infinity Boat Tours Saint Lucia,Infinity Boat Tours Saint Lucia,Not found,Infinitytousslu@gmail.com,+1 758 715 9339,"Saint Lucia, Caribbean (More specific address not found)",
Island Adventures Company Limited Saint Lucia,Island Adventures Company Limited Saint Lucia,https://islandadventurestoursslu.com/,jaginc.operations@gmail.com,+1 758 728 9886,"St. Lucia, West Indies",
Island Bucket List Tours Saint Lucia,Island Bucket List Tours Saint Lucia,https://islandbucketlisttours.com,islandbucketlisttours@gmail.com,+1 758-712-4434,"Union, Castries, St. Lucia",
Island Man Taxi and Tours Saint Lucia,Island Man Taxi and Tours Saint Lucia,https://www.islandmantaxi.com/,kurt@islandmantaxi.com,+1 758 716 0970,"La Feuille, Gros Islet. St Lucia, West Indies",
Island Routes Saint Lucia,Island Routes Saint Lucia,https://www.islandroutes.com/,customersupport@islandroutes.com,+1 758 452 5586,"Castries, Saint Lucia",
Israel King Water Taxi Private Tours Saint Lucia,Israel King Water Taxi Private Tours Saint Lucia,https://www.israelkingwatertaxi.com/,info@israelkingwatertaxi.com,+1 758 721 7017,"Jerome Sylvester Israel King Water Taxi Private Tours Rodney Bay Marina, Gros Islet St. Lucia West Indies",
Iyanola Adventure Tours Saint Lucia,Iyanola Adventure Tours Saint Lucia,https://iyanolatours.com/,info@iyanolatours.com,+1 758-520-7088,"Soufrière, St. Lucia, LC09 101",
JJ's Touring Services Saint Lucia,JJ's Touring Services Saint Lucia,https://www.jjspeedboattours.com/,jjspeedboattour@gmail.com,+1 758 721 7493,"XX8H+957 Marigot Bay, Soucis, St. Lucia",
Joe Knows Tours Saint Lucia,Joe Knows Tours Saint Lucia,http://www.joeknowsstlucia.com/,joeknowsstlucia@hotmail.com,+1 758 450 3847,"Castries, Saint Lucia",
John's Tours SLU Saint Lucia,John's Tours SLU Saint Lucia,https://clearwatertourcompany.com/,clearwatertours1@gmail.com,+1 758 722-1728,"Rodney Bay, Gros Islet, St. Lucia",
Joy Coastal Adventures Saint Lucia,Joy Coastal Adventures Saint Lucia,https://www.joysadventure.com/,joytours@live.com,+1 758-727-2820,"Soufrière, St. Lucia",
Julian Boat Tours Saint Lucia,Julian Boat Tours Saint Lucia,https://www.julianboattours.biz/,julianboattours@hotmail.com,+1 758 714 9927,"Sandals Halcyon Beach, Castries, Saint Lucia",
Jus' Sail Saint Lucia,Jus' Sail Saint Lucia,https://jussail.com/,sail@jussail.com,+1 758 287 1071,"""A"" Dock, IGY Rodney Bay Marina, Gros Islet, St. Lucia, W.I.",
Kirk Elliot Photography Saint Lucia,Kirk Elliot Photography Saint Lucia,https://www.kirkelliottphotography.com/,Kirk@KirkElliott.com,+1 758 518 5800,"P.O. Box 672, Castries, St Lucia, Caribbean",
Knotty Girl Saint Lucia,Knotty Girl Saint Lucia,https://knottygirlboattours.com/,bookings@knottygirlboattours.com,+1 758 584 3626,"Pigeon Island, Gros Islet, Saint Lucia",
KsK Tours Saint Lucia,KsK Tours Saint Lucia,https://ksktours.com/,info@ksktours.com,+1 758 716 8491,"Rodney Bay, St. Lucia",
Leisure Sightseeing Tours & Transfers Saint Lucia,Leisure Sightseeing Tours & Transfers Saint Lucia,https://leisuretoursstlucia.com/,concierge@leisuretoursstlucia.com,+1 758-717-0145,"Union, Castries, St. Lucia",
Majestic Taxi & Tours Saint Lucia,Majestic Taxi & Tours Saint Lucia,http://www.majestictaxistlucia.com,majestictaxitours@gmail.com,+1 758 723 9778,"Soufriere, Soufrière, St. Lucia",
Marc Taxi Services and Tours Saint Lucia,Marc Taxi Services and Tours Saint Lucia,https://marcstaxiservice.business.site/,freezerjeanba@gmail.com,+1 758-721-6469,"5 Bay Street, Soufrière, St. Lucia",
Michael German Tours Saint Lucia,Michael German Tours Saint Lucia,https://st-lucia-ausflug.com/,stluciamm1@gmail.com,+1 758 725 8660,Not found,
Michael Water Taxi Services Saint Lucia,Michael Water Taxi Services Saint Lucia,Not found,Not found,Not found,Not found,
More Than A CaB Saint Lucia,More Than A CaB Saint Lucia,Not found,info@morethanacab.com,+1 758 485 5555,"St Judes Hwy, Vieux Fort, St. Lucia",
Mystic Man Tours Saint Lucia,Mystic Man Tours Saint Lucia,https://mysticmantours.com/,info@mysticmantours.com,+1 758 459 7783,"Bay Street, Soufriere, St. Lucia",
Nature Trail Forests Tours Ltd Touring Company Saint Lucia,Nature Trail Forests Tours Ltd Touring Company Saint Lucia,Not found,Not found,Not found,Not found,
Nerv's Taxi and Rental Services Saint Lucia,Nerv's Taxi and Rental Services Saint Lucia,Not found,nervsislandcenter@gmail.com,+1 758 451 5265,"Forestierre Box CP 5652 Castries, St. Lucia",
New Heights Tours Ltd Saint Lucia,New Heights Tours Ltd Saint Lucia,https://newheights.lc/,info@newheights.lc,+1 758 718 5464,"Balata, Castries, Saint Lucia",
Ocean Adventures St Lucia,Ocean Adventures St Lucia,Not found,Not found,Not found,Not found,
Ocean Angel Boat Tours Saint Lucia,Ocean Angel Boat Tours Saint Lucia,https://www.oceanangelboattours.com/,OceanAngelBoatTours19@Gmail.com,+1 758 726 9364,"Soufriere, Saint Lucia",
Odyssey St Lucia,Odyssey St Lucia,Not found,Not found,+1 758 450 0551,"Cap Estate, Gros Islet, St. Lucia (The resort ""Odyssey St. Lucia"" is defunct and was succeeded by ""Almond Smugglers Cove,"" which is now ""Royalton Saint Lucia Resort"" and ""Hideaway at Royalton Saint Lucia"").",
Piton Taxi and Tours Saint Lucia,Piton Taxi and Tours Saint Lucia,https://www.taxiandtoursstlucia.com/,info@taxiandtoursstlucia.com,+1 758-715-1881,"Bridge, Soufriere St. Lucia",
Pleasure Tours Saint Lucia,Pleasure Tours Saint Lucia,https://leisuretoursstlucia.com/,concierge@leisuretoursstlucia.com,+1 758 717 0145,"Operating out of Body Holiday & Stolen Time Rendezvous, Castries, Saint Lucia",
Rainforest Adventures St Lucia,Rainforest Adventures St Lucia,https://rainforestadventure.com/st-lucia-travel-tour/,reservations.slu@rainforestadventure.com,+1 758 4615151,"6066 Car park, Castries, St. Lucia Castries LC, Castries, St Lucia",
Rainforest Sky Rides Saint Lucia,Rainforest Sky Rides Saint Lucia,https://rainforestadventure.com/,reservations.slu@rainforestadventure.com,+1 758 461 5151,"Rainforest Adventures St. Lucia, 6066 Car park, Castries, St. Lucia Castries LC, Castries, St Lucia",
Real St Lucia Tours,Real St Lucia Tours,https://www.realsaintluciatours.com/,info@islelander.com,+1 758 486 1561,"Soufriere, Saint Lucia",
Reef Riders Saint Lucia,Reef Riders Saint Lucia,https://adventuretoursstlucia.com/,palmservices.reservations@gmail.com,+1 758 727 9834,"Adventure Tours St Lucia, Gros Islet, St Lucia",
Rodney Bay Watersports Saint Lucia,Rodney Bay Watersports Saint Lucia,https://www.saintluciawaterpark.com/,info@saintluciawaterpark.com,+1 758 457 8532,"Reduit Beach Avenue, Rodney Bay Village, Gros Islet, Saint Lucia",
Rum Therapy Saint Lucia,Rum Therapy Saint Lucia,Not found,rumtherapyslu@gmail.com,+1 758-729-2377,"Pointe Seraphine Duty-Free Shopping Complex, Port Castries, St. Lucia",
Sail St Lucia,Sail St Lucia,https://www.sailsaintlucia.com/,info@bateaumygo.com,+1 758 721 7007,"Marigot Bay, Castries, St. Lucia",
Saint Lucia Helicopters,Saint Lucia Helicopters,https://www.stluciahelicopters.com/,reservations@stluciahelicopters.com,+1 758 453 6950,"P.O. GM945, Sunny Acres, Castries, LC",
Sandals Watersports Saint Lucia,Sandals Watersports Saint Lucia,https://www.sandals.com/,wjohn@grp.sandals.com,+1 758-452-5042,"Po Box Gm399 La Toc, Castries, Saint Lucia",
Scuba St Lucia,Scuba St Lucia,https://scubastlucia.com/,scuba@ansechastanet.com,+1 758 459 7755,"Anse Chastanet Resort, Soufriere, St Lucia",
Sea Spray Cruises Saint Lucia,Sea Spray Cruises Saint Lucia,https://seaspraycruises.com/,info@seaspraycruises.com,+1 758 458 0123,"Rodney Bay Marina, Gros Islet, St Lucia",
Serenity Tours Saint Lucia,Serenity Tours Saint Lucia,https://serenitytvl.com/,ambassador@serenitytvl.com,+1 758 719 1775,"Box GI2090 Vieux Secrieux, Gros Islet, Saint Lucia",
Solomon Water Taxi and Tours Saint Lucia,Solomon Water Taxi and Tours Saint Lucia,https://www.solomon-saintlucia.com/,justicest.brice@hotmail.com,+1 758 717 5643,"Sugar Beach, Soufriere, Saint Lucia",
Spencer Ambrose Tours Saint Lucia,Spencer Ambrose Tours Saint Lucia,https://spencerambrose.com/,tours@spencerambrose.com,+1 758 721 8844,"P.O. Box 998, Gablewoods South Post Office, Cedar Heights, Vieux Fort, LC12 101, St. Lucia, West Indies",
Spice of Life Tours Saint Lucia,Spice of Life Tours Saint Lucia,https://spicetravelstlucia.com/,services@spicetravelstlucia.com,+1 758 452 0865,"P.O. Box GM 848, Beausejour, Gros Islet, St. Lucia, West Indies",
St Lucia Dive Shop,St Lucia Dive Shop,http://www.divesaintlucia.com,info@divesaintlucia.com,+1 758-489-0411,"Harmony Marina Suites, Rodney Bay, Saint Lucia",
St Lucia Eco Tours,St Lucia Eco Tours,https://stluciaecoadventures.com/,jahrod.alcindor@stluciaecoadventures.com,+1 758 716 8396,"Plamiste road, Soufriere, Saint Lucia",
St Lucia Heritage Tours,St Lucia Heritage Tours,Not found,info@heritagetoursstlucia.org,+1 758 458 1454,"3rd Floor, Sir Sanislaus James Building, Waterfront, Castries, Saint Lucia",
St Lucia Jeep Tours,St Lucia Jeep Tours,https://islandadventurestoursslu.com/,jaginc.operations@gmail.com,+1 758 728 9886,"Beausejour, Gros Islet, St. Lucia, West Indies",
St Lucia Kayak Tours,St Lucia Kayak Tours,Not found,st.luciakayaktours@gmail.com,Not found,"Soufrière, St. Lucia",
St Lucia Sailing,St Lucia Sailing,https://www.sailsaintlucia.com/,info@bateaumygo.com,+1 758 721 7007,"Marigot Bay, St Lucia, West Indies",
St Lucia Taxi Services,St Lucia Taxi Services,https://www.stluciataxi.com/,VIC@STLUCIATAXI.COM,+1 758 584 0965,"CASTRIES, ST. LUCIA",
St Lucia Tours and Taxi,St Lucia Tours and Taxi,https://lyndonsauthentictourstlucia.com/,Lyndontaxiandtours@gmail.com,+1 758 730 7776,Not found,
St Lucia Water Sports,St Lucia Water Sports,https://www.saintluciawaterpark.com/,info@saintluciawaterpark.com,+1 758 457 8532,"Reduit Beach Avenue, Rodney Bay Village, Gros Islet, Saint Lucia",
St Lucia Whale Watching,St Lucia Whale Watching,Not found,Not found,Not found,Not found,
St Lucia Zip Line,St Lucia Zip Line,https://mornecoubarilestate.com/,info@stluciaziplining.com,+1 758 726-5248,"Morne Coubaril Estate, Soufriere, Saint Lucia",
Stephenson's Tours Saint Lucia,Stephenson's Tours Saint Lucia,https://paradisetaxislu.com/,paradisetaxi339@hotmail.com,+1 758 484 0796,"Windjammer Landing Villa Beach Resort, Castries, Saint Lucia",
Stewart Executive Transfers Ltd Saint Lucia,Stewart Executive Transfers Ltd Saint Lucia,https://www.stewartsexecutive.com/,stewartkjames680@gmail.com,+1 758 721 7680,"P.O Box 480, Vieux Fort, St. Lucia LC12 201",
Sunlink Tours Saint Lucia,Sunlink Tours Saint Lucia,https://www.suntourscaribbean.com/,dutyoffice@suntourscaribbean.com,+1 758 456 9100,"Place Creole Building Reduit Beach Avenue Rodney Bay, St. Lucia",
Taxi and Tours St Lucia,Taxi and Tours St Lucia,http://www.taxiandtoursstlucia.com/,info@taxiandtoursstlucia.com,+1 758 461 0927,"Bridge, Soufriere St. Lucia",
The Travel Boutique Inc Saint Lucia,The Travel Boutique Inc Saint Lucia,https://www.the-travel-boutique.com/,info@stlucia-travelboutique.com,+1 758 451 6364,"IGY Marina, Rodney Bay, Gros Islet, Saint Lucia",
Tico Tours Saint Lucia,Tico Tours Saint Lucia,Not found,Not found,Not found,Not found,
Tropical Trekkers Saint Lucia,Tropical Trekkers Saint Lucia,booktropictrails.com,info.tropictrails@gmail.com,+1 758-725-7338,"Gros Ilet, St. Lucia",
Vigie Beach Watersports Saint Lucia,Vigie Beach Watersports Saint Lucia,Not found,Not found,Not found,"Vigie Beach, Castries, Saint Lucia",
Vip Transfers and Tours Saint Lucia,Vip Transfers and Tours Saint Lucia,Not found,Not found,Not found,Not found,
Voyage Tours Saint Lucia,Voyage Tours Saint Lucia,https://vacaytoursstlucia.com/,vacaycarz@gmail.com,+1 758 713 4085,"Soufriere, Saint Lucia",
Waves Taxi and Tours Saint Lucia,Waves Taxi and Tours Saint Lucia,Not found,Not found,Not found,Not found,
Wild Side Scuba Saint Lucia,Wild Side Scuba Saint Lucia,Not found,Not found,Not found,Not found,
Zaka Tours Saint Lucia,Zaka Tours Saint Lucia,https://zaka-art.com,zaka_art@yahoo.com,+1 758-457-1504,"Sulfur Springs Road, Soufriere, St. Lucia",
Bay Gardens Hotels & Resorts Saint Lucia,Bay Gardens Hotels & Resorts Saint Lucia,https://www.baygardensresorts.com/,info@baygardensresorts.com,+1 758 457 8007,"Rodney Bay Village Gros-Islet, Saint Lucia",
Serenity at Coconut Bay Saint Lucia,Serenity at Coconut Bay Saint Lucia,https://serenityatcoconutbay.com/,serenity@cbayna.com,+1 758-459-6064,"PO Box 246, Eau Piquant, Saint Lucia",
Hideaway at Royalton Saint Lucia,Hideaway at Royalton Saint Lucia,https://www.royaltonresorts.com/resorts/hideaway-st-lucia,infostlucia@royaltonresorts.com,+1 758 731 1000,"Cap Estates, Saint Lucia",
Royalton Saint Lucia Resort & Spa,Royalton Saint Lucia Resort & Spa,https://www.royaltonresorts.com/resorts/st-lucia,infostlucia@royaltonresorts.com,+1 758 731 1000,"Cap Estates, Gros Islet, Saint Lucia",
Sandals Halcyon Beach Saint Lucia,Sandals Halcyon Beach Saint Lucia,https://www.sandals.com/halcyon-beach/,shcmail@grp.sandals.com,+1 758 453 0222,"P.O. Box GM 910, Choc Bay, Castries, St. Lucia",
Sandals Grande St Lucian,Sandals Grande St Lucian,https://www.sandals.com/grande-st-lucian/,reservations@sandals.com,+1 758 455 2000,"P.O. Box G.I. 2247, Gros Islet, Saint Lucia",
Sandals Regency La Toc Saint Lucia,Sandals Regency La Toc Saint Lucia,https://www.sandals.com/regency-la-toc/,Not found,+1 758-456-8800,"P.O. Box 399 La Toc Rd Castries, St Lucia",
Jade Mountain Resort Saint Lucia,Jade Mountain Resort Saint Lucia,https://jademountain.com/,jademountain@ansechastanet.com,+1 758-459-7000,"P O Box 4000, Soufriere, St. Lucia, West Indies",
Ladera Resort Saint Lucia,Ladera Resort Saint Lucia,https://www.ladera.com/,reservations@ladera.com,+1 758 459 6600,"Rabot Estate Soufriere Post Office Soufriere, LC09 101 St. Lucia, WI",
Sugar Beach A Viceroy Resort Saint Lucia,Sugar Beach A Viceroy Resort Saint Lucia,https://www.viceroyhotelsandresorts.com/sugar-beach,sb.reservations@viceroy.com,+1 758 456 8000,"Val des Pitons, P.O. Box 251, Soufriere, Saint Lucia",
The Landings Resort & Spa Saint Lucia,The Landings Resort & Spa Saint Lucia,https://www.landingsstlucia.com/,info@landingsstlucia.com,+1 758 458 7300,"Pigeon Island Causeway, Rodney Bay, Gros Islet, Saint Lucia",
Windjammer Landing Villa Beach Resort Saint Lucia,Windjammer Landing Villa Beach Resort Saint Lucia,https://www.windjammer-landing.com/,reservations@windjammer-landing.com,+1 758 456 9000,"Labrelotte Bay, P.O. Box 1504, Castries, St. Lucia",
East Winds Inn Saint Lucia,East Winds Inn Saint Lucia,https://eastwinds.com/,info@eastwinds.com,+1 758 452 8212,"La Brelotte Bay, Gros Islet, Saint Lucia",
Anse Chastanet Resort Saint Lucia,Anse Chastanet Resort Saint Lucia,https://ansechastanet.com/,ansechastanet@ansechastanet.com,+1 800-223-1108,"1 Anse Chastanet Road, Soufriere, St Lucia",
Stonefield Villa Resort Saint Lucia,Stonefield Villa Resort Saint Lucia,https://www.stonefieldresort.com/,reservations@stonefieldresort.com,+1 800 420 5731,"Stonefield Estate, Soufriere, St Lucia",
Ti Kaye Resort & Spa Saint Lucia,Ti Kaye Resort & Spa Saint Lucia,https://tikaye.com/,info@tikaye.com,+1 758 456 8101,"Anse Cochon, Anse La Raye, Saint Lucia",
Marigot Bay Resort and Marina Saint Lucia,Marigot Bay Resort and Marina Saint Lucia,https://marigotbayresorts.com/,reservations@marigotbayresort.com,+1 758 458 5300,PO Box 7227 | Marigot Bay | Saint Lucia,
Coconut Bay Beach Resort & Spa Saint Lucia,Coconut Bay Beach Resort & Spa Saint Lucia,https://cbayresort.com/,reservations@cbayna.com,+1 758 459-6000,"P.O. Box 246, Vieux Fort, Saint Lucia, West Indies",
St James's Club Morgan Bay Saint Lucia,St James's Club Morgan Bay Saint Lucia,https://www.stjamesclubmorganbay.com/,reservations@eliteislands.com,+1 758 457 3700,"Choc Bay, Gros Islet, Saint Lucia",
Rendezvous Resort Saint Lucia,Rendezvous Resort Saint Lucia,https://stolentime.com/,reservations@stolentime.com,+1 758 457 7900,"StolenTime, Malabar Beach, PO Box 190, Castries, St.Lucia, West Indies",
