business_name,website,email,phone,source
758 Uber Excursions,,,,manual_search
Amazona Tours,,,,manual_search
Angels Tours,,,,manual_search
Aquarius Waterworld Ltd,,,,manual_search
A-Touring Services Ltd,,,,manual_search
Barefoot Holidays Saint Lucia,,,,manual_search
Bateau Mygo,,,,manual_search
Benny Boat Tours,,,,manual_search
Captain Cliff Adventure Tours,,,,manual_search
Captain Mike's Sports Fishing,,,,manual_search
Carnival Sailing,,,,manual_search
Christopher Taxi & Jeep Rental Services,,,,manual_search
City Walkers,,,,manual_search
C & M Touring,,,,manual_search
Coastal Adventures,,,,manual_search
CoCo Events,,,,manual_search
Cosol Tours,,,,manual_search
Cox & Company Ltd,,,,manual_search
Davids Tours & Travel Limited,,,,manual_search
Department of Forestry Nature Trails,,,,manual_search
Elite Nautical and Land Tours Inc.,,,,manual_search
ERA Secrets of the South,,,,manual_search
Evergreen Touring,,,,manual_search
Exodus Boat Charters,,,,manual_search
Exquisite Taxi & Tours,,,,manual_search
Father Nature Adventures 758,,,,manual_search
Feel Good Tours,,,,manual_search
First 4 Sail,,,,manual_search
First Class Touring,,,,manual_search
Fond Gen Libre Tour Services,,,,manual_search
Foster & Ince Cruise Services (St. Lucia) Ltd,,,,manual_search
Fram Tours & Taxi Services,,,,manual_search
Fun To See Island,,,,manual_search
Fun Time Tours,,,,manual_search
Fun Tours Inc,,,,manual_search
Gem Xcursions,,,,manual_search
Gideon Water Tours,,,,manual_search
Grasshopper Tours,,,,manual_search
H & A Tours Ltd,,,,manual_search
Hackshaw Boat Charters,,,,manual_search
Hibiscus Tours St Lucia,,,,manual_search
Imagine Tours,,,,manual_search
Infinity Boat Tours,,,,manual_search
Island Adventures Company Limited,,,,manual_search
Island Bucket List Tours,,,,manual_search
Island Man Taxi and Tours,,,,manual_search
Island Routes,,,,manual_search
Israel King Water Taxi Private Tours,,,,manual_search
Iyanola Adventure Tours,,,,manual_search
JJ's Touring Services,,,,manual_search
Joe Knows Tours,,,,manual_search
John's Tours SLU,,,,manual_search
Joy Coastal Adventures,,,,manual_search
Julian Boat Tours,,,,manual_search
Jus' Sail,,,,manual_search
Kirk Elliot Photography,,,,manual_search
Knotty Girl,,,,manual_search
KsK Tours,,,,manual_search
Leisure Sightseeing Tours & Transfers,,,,manual_search
Majestic Taxi & Tours,,,,manual_search
Marc Taxi Services and Tours,,,,manual_search
Michael German Tours,,,,manual_search
Michael Water Taxi Services,,,,manual_search
More Than A CaB,,,,manual_search
Mystic Man Tours,,,,manual_search
Nature Trail Forests Tours Ltd Touring Company,,,,manual_search
Nerv's Taxi and Rental Services,,,,manual_search
New Heights Tours Ltd,,,,manual_search
Ocean Adventures St Lucia,,,,manual_search
Ocean Angel Boat Tours,,,,manual_search
Odyssey St Lucia,,,,manual_search
Piton Taxi and Tours,,,,manual_search
Pleasure Tours,,,,manual_search
Rainforest Adventures St Lucia,,,,manual_search
Rainforest Sky Rides,,,,manual_search
Real St Lucia Tours,,,,manual_search
Reef Riders,,,,manual_search
Rodney Bay Watersports,,,,manual_search
Rum Therapy,,,,manual_search
Sail St Lucia,,,,manual_search
Saint Lucia Helicopters,,,,manual_search
Sandals Watersports,,,,manual_search
Scuba St Lucia,,,,manual_search
Sea Spray Cruises,,,,manual_search
Serenity Tours,,,,manual_search
Solomon Water Taxi and Tours,,,,manual_search
Spencer Ambrose Tours,,,,manual_search
Spice of Life Tours,,,,manual_search
St Lucia Dive Shop,,,,manual_search
St Lucia Eco Tours,,,,manual_search
St Lucia Heritage Tours,,,,manual_search
St Lucia Jeep Tours,,,,manual_search
St Lucia Kayak Tours,,,,manual_search
St Lucia Sailing,,,,manual_search
St Lucia Taxi Services,,,,manual_search
St Lucia Tours and Taxi,,,,manual_search
St Lucia Water Sports,,,,manual_search
St Lucia Whale Watching,,,,manual_search
St Lucia Zip Line,,,,manual_search
Stephenson's Tours,,,,manual_search
Stewart Executive Transfers Ltd,,,,manual_search
Sunlink Tours,,,,manual_search
Taxi and Tours St Lucia,,,,manual_search
The Travel Boutique Inc,,,,manual_search
Tico Tours,,,,manual_search
Tropical Trekkers,,,,manual_search
Vigie Beach Watersports,,,,manual_search
Vip Transfers and Tours,,,,manual_search
Voyage Tours,,,,manual_search
Waves Taxi and Tours,,,,manual_search
Wild Side Scuba,,,,manual_search
Zaka Tours,,,,manual_search
Bay Gardens Hotels & Resorts,,,,manual_search
Serenity at Coconut Bay,,,,manual_search
Hideaway at Royalton Saint Lucia,,,,manual_search
Royalton Saint Lucia Resort & Spa,,,,manual_search
Sandals Halcyon Beach,,,,manual_search
Sandals Grande St Lucian,,,,manual_search
Sandals Regency La Toc,,,,manual_search
Jade Mountain Resort,,,,manual_search
Ladera Resort,,,,manual_search
Sugar Beach A Viceroy Resort,,,,manual_search
The Landings Resort & Spa,,,,manual_search
Windjammer Landing Villa Beach Resort,,,,manual_search
East Winds Inn,,,,manual_search
Anse Chastanet Resort,,,,manual_search
Stonefield Villa Resort,,,,manual_search
Ti Kaye Resort & Spa,,,,manual_search
Marigot Bay Resort and Marina,,,,manual_search
Coconut Bay Beach Resort & Spa,,,,manual_search
St James's Club Morgan Bay,,,,manual_search
Rendezvous Resort,,,,manual_search
